,device_time_stamp,left_gaze_origin_in_trackbox_coordinate_system,left_gaze_origin_in_user_coordinate_system,left_gaze_origin_validity,left_gaze_point_in_user_coordinate_system,left_gaze_point_on_display_area,left_gaze_point_validity,right_gaze_origin_in_trackbox_coordinate_system,right_gaze_origin_in_user_coordinate_system,right_gaze_origin_validity,right_gaze_point_in_user_coordinate_system,right_gaze_point_on_display_area,right_gaze_point_validity
0,1167708984584290,"(nan, nan, nan)","(nan, nan, nan)",0,"(nan, nan, nan)","(nan, nan)",0,"(nan, nan, nan)","(nan, nan, nan)",0,"(nan, nan, nan)","(nan, nan)",0
1,1167708984621099,"(nan, nan, nan)","(nan, nan, nan)",0,"(nan, nan, nan)","(nan, nan)",0,"(nan, nan, nan)","(nan, nan, nan)",0,"(nan, nan, nan)","(nan, nan)",0
2,1167708984663703,"(nan, nan, nan)","(nan, nan, nan)",0,"(nan, nan, nan)","(nan, nan)",0,"(nan, nan, nan)","(nan, nan, nan)",0,"(nan, nan, nan)","(nan, nan)",0
3,1167708984706256,"(nan, nan, nan)","(nan, nan, nan)",0,"(nan, nan, nan)","(nan, nan)",0,"(nan, nan, nan)","(nan, nan, nan)",0,"(nan, nan, nan)","(nan, nan)",0
4,1167708984748844,"(nan, nan, nan)","(nan, nan, nan)",0,"(nan, nan, nan)","(nan, nan)",0,"(nan, nan, nan)","(nan, nan, nan)",0,"(nan, nan, nan)","(nan, nan)",0
5,1167708984791434,"(nan, nan, nan)","(nan, nan, nan)",0,"(nan, nan, nan)","(nan, nan)",0,"(nan, nan, nan)","(nan, nan, nan)",0,"(nan, nan, nan)","(nan, nan)",0
6,1167708984814410,"(0.7278932332992554, 0.3765535354614258, 0.5436073541641235)","(-97.12511444091797, 39.5931282043457, 613.0822143554688)",1,"(-38.74726867675781, 282.44366455078125, 9.100000381469727)","(0.4403141140937805, 0.2406441867351532)",1,"(0.5930522680282593, 0.3798244595527649, 0.5414534211158752)","(-41.17790985107422, 39.06122970581055, 612.43603515625)",1,"(-32.14482879638672, 264.845703125, 9.100000381469727)","(0.4508173167705536, 0.2904129922389984)",1
7,1167708984843693,"(0.7276491522789001, 0.37658217549324036, 0.5426916480064392)","(-96.99231719970703, 39.56722640991211, 612.8074951171875)",1,"(-40.607540130615234, 274.44525146484375, 9.100000381469727)","(0.43735477328300476, 0.2632644474506378)",1,"(0.5927689075469971, 0.38000500202178955, 0.5410268306732178)","(-41.0538215637207, 38.999427795410156, 612.3080444335938)",1,"(-35.479164123535156, 264.5649719238281, 9.100000381469727)","(0.4455130398273468, 0.2912069261074066)",1
8,1167708984913722,"(0.7271119952201843, 0.3767593204975128, 0.5428200364112854)","(-96.77371978759766, 39.5183219909668, 612.8460083007812)",1,"(-40.554359436035156, 268.7657775878906, 9.100000381469727)","(0.4374393820762634, 0.2793266773223877)",1,"(0.5922243595123291, 0.38044172525405884, 0.5404962301254272)","(-40.819618225097656, 38.85942077636719, 612.1488647460938)",1,"(-29.205486297607422, 266.16583251953125, 9.100000381469727)","(0.4554932415485382, 0.2866795063018799)",1
9,1167708984962412,"(0.726666271686554, 0.3772279918193817, 0.5426130890846252)","(-96.580810546875, 39.37432861328125, 612.783935546875)",1,"(-33.1559944152832, 246.19276428222656, 9.100000381469727)","(0.44920873641967773, 0.34316542744636536)",1,"(0.5919477939605713, 0.38108596205711365, 0.5400453805923462)","(-40.69731521606445, 38.65742111206055, 612.0136108398438)",1,"(-27.45214080810547, 235.94381713867188, 9.100000381469727)","(0.458282470703125, 0.3721505105495453)",1
10,1167708985008959,"(0.7265210747718811, 0.377623587846756, 0.5415938496589661)","(-96.48481750488281, 39.23542404174805, 612.4781494140625)",1,"(-39.043636322021484, 252.2779998779297, 9.100000381469727)","(0.4398426413536072, 0.32595574855804443)",1,"(0.5917332172393799, 0.3816355764865875, 0.5392252802848816)","(-40.595516204833984, 38.47673034667969, 611.767578125)",1,"(-28.12799835205078, 233.12359619140625, 9.100000381469727)","(0.4572073221206665, 0.38012638688087463)",1
11,1167708985055145,"(0.7265032529830933, 0.37785157561302185, 0.5413000583648682)","(-96.46681213378906, 39.16092300415039, 612.3900146484375)",1,"(-39.07402801513672, 242.89599609375, 9.100000381469727)","(0.43979430198669434, 0.35248902440071106)",1,"(0.5916588306427002, 0.38193607330322266, 0.5386342406272888)","(-40.555519104003906, 38.37512969970703, 611.5902709960938)",1,"(-28.95752716064453, 238.5948028564453, 9.100000381469727)","(0.45588770508766174, 0.36465322971343994)",1
12,1167708985102970,"(0.7265051007270813, 0.37796273827552795, 0.5409777760505676)","(-96.45631408691406, 39.12102127075195, 612.2933349609375)",1,"(-35.88076400756836, 239.48219299316406, 9.100000381469727)","(0.4448741674423218, 0.3621436059474945)",1,"(0.5916191339492798, 0.38206735253334045, 0.5381166338920593)","(-40.53121566772461, 38.325828552246094, 611.4349975585938)",1,"(-30.5623779296875, 230.77520751953125, 9.100000381469727)","(0.4533346891403198, 0.38676783442497253)",1
13,1167708985149400,"(0.7264775633811951, 0.37798047065734863, 0.5407100319862366)","(-96.43571472167969, 39.11062240600586, 612.2130126953125)",1,"(-35.169776916503906, 243.18724060058594, 9.100000381469727)","(0.4460051953792572, 0.3516653776168823)",1,"(0.5915607810020447, 0.3820008933544159, 0.5376222729682922)","(-40.49991226196289, 38.33652877807617, 611.2866821289062)",1,"(-26.926136016845703, 231.4927520751953, 9.100000381469727)","(0.4591192305088043, 0.38473859429359436)",1
14,1167708985195791,"(0.7264028787612915, 0.37801334261894226, 0.5404433012008667)","(-96.39551544189453, 39.09572219848633, 612.1329956054688)",1,"(-34.8096809387207, 236.0830841064453, 9.100000381469727)","(0.4465780556201935, 0.3717566430568695)",1,"(0.5913866758346558, 0.38205331563949585, 0.5367106199264526)","(-40.41441345214844, 38.30392837524414, 611.01318359375)",1,"(-27.646240234375, 231.7052001953125, 9.100000381469727)","(0.4579736888408661, 0.38413774967193604)",1
15,1167708985241846,"(0.7262380719184875, 0.37811142206192017, 0.5392633080482483)","(-96.28671264648438, 39.04372787475586, 611.7789916992188)",1,"(-33.0429573059082, 234.0693359375, 9.100000381469727)","(0.4493885636329651, 0.37745171785354614)",1,"(0.5911969542503357, 0.3822111189365387, 0.536151111125946)","(-40.327518463134766, 38.24642562866211, 610.8453369140625)",1,"(-32.79585266113281, 227.48199462890625, 9.100000381469727)","(0.4497816562652588, 0.3960813879966736)",1
16,1167708985288256,"(0.7262049317359924, 0.3782700300216675, 0.53872150182724)","(-96.25401306152344, 38.98542785644531, 611.616455078125)",1,"(-39.396240234375, 237.59190368652344, 9.100000381469727)","(0.439281702041626, 0.3674895167350769)",1,"(0.5911130309104919, 0.38246244192123413, 0.5354323387145996)","(-40.28191375732422, 38.15732192993164, 610.6296997070312)",1,"(-31.640380859375, 216.77725219726562, 9.100000381469727)","(0.45161980390548706, 0.4263554811477661)",1
17,1167708985333844,"(0.7262600064277649, 0.3785611093044281, 0.5376603007316589)","(-96.23980712890625, 38.876922607421875, 611.298095703125)",1,"(-33.15442657470703, 225.45770263671875, 9.100000381469727)","(0.4492112398147583, 0.4018063247203827)",1,"(0.5911096334457397, 0.3828316926956177, 0.5347818732261658)","(-40.27031326293945, 38.03392028808594, 610.4345703125)",1,"(-28.058582305908203, 221.22108459472656, 9.100000381469727)","(0.4573177397251129, 0.4137878715991974)",1
18,1167708985379751,"(0.7263161540031433, 0.3788018524646759, 0.5370774269104004)","(-96.24262237548828, 38.792823791503906, 611.1232299804688)",1,"(-39.40771484375, 231.07374572753906, 9.100000381469727)","(0.4392634630203247, 0.3859235644340515)",1,"(0.5911518335342407, 0.38315349817276, 0.5339089035987854)","(-40.27442169189453, 37.92032241821289, 610.1726684570312)",1,"(-26.57929801940918, 213.97535705566406, 9.100000381469727)","(0.4596709907054901, 0.43427953124046326)",1
19,1167708985426121,"(0.7262256741523743, 0.3792666792869568, 0.5365034937858582)","(-96.18451690673828, 38.64202880859375, 610.9510498046875)",1,"(-37.776973724365234, 210.55429077148438, 9.100000381469727)","(0.4418576657772064, 0.4439546763896942)",1,"(0.5911996364593506, 0.3837045133113861, 0.5332173705101013)","(-40.283119201660156, 37.741424560546875, 609.9652099609375)",1,"(-27.21240234375, 192.37884521484375, 9.100000381469727)","(0.45866385102272034, 0.4953566789627075)",1
20,1167708985472828,"(0.7262805700302124, 0.3793664574623108, 0.5360330939292908)","(-96.19091796875, 38.60272216796875, 610.8099365234375)",1,"(-37.71491241455078, 205.1303253173828, 9.100000381469727)","(0.44195640087127686, 0.4592941999435425)",1,"(0.591163158416748, 0.3838079273700714, 0.53262859582901)","(-40.25931167602539, 37.69942855834961, 609.78857421875)",1,"(-26.50534439086914, 189.6913299560547, 9.100000381469727)","(0.45978865027427673, 0.5029572248458862)",1
21,1167708985519107,"(0.7262685298919678, 0.3795338273048401, 0.5355948805809021)","(-96.17051696777344, 38.54392623901367, 610.678466796875)",1,"(-35.33664321899414, 203.76522827148438, 9.100000381469727)","(0.44573974609375, 0.4631548523902893)",1,"(0.5910722613334656, 0.38395482301712036, 0.5317928194999695)","(-40.20931625366211, 37.63982391357422, 609.537841796875)",1,"(-25.137210845947266, 181.90475463867188, 9.100000381469727)","(0.46196508407592773, 0.5249784588813782)",1
22,1167708985564661,"(0.7261746525764465, 0.37955862283706665, 0.5350490212440491)","(-96.1130142211914, 38.526329040527344, 610.5147094726562)",1,"(-38.01388931274414, 206.3209228515625, 9.100000381469727)","(0.4414807856082916, 0.4559270739555359)",1,"(0.5909428000450134, 0.383983850479126, 0.5312560796737671)","(-40.14791488647461, 37.62142562866211, 609.3768310546875)",1,"(-25.01607894897461, 181.8381805419922, 9.100000381469727)","(0.4621577560901642, 0.5251667499542236)",1
23,1167708985610250,"(0.7260409593582153, 0.3794933259487152, 0.5342004299163818)","(-96.02881622314453, 38.53002166748047, 610.2601318359375)",1,"(-32.395809173583984, 197.0467071533203, 9.100000381469727)","(0.45041805505752563, 0.48215553164482117)",1,"(0.5907895565032959, 0.3841032385826111, 0.531079888343811)","(-40.08191680908203, 37.582820892333984, 609.323974609375)",1,"(-27.100908279418945, 190.4830780029297, 9.100000381469727)","(0.4588412046432495, 0.5007181167602539)",1
24,1167708985656307,"(0.7259703874588013, 0.37966158986091614, 0.5339770317077637)","(-95.99161529541016, 38.4753303527832, 610.193115234375)",1,"(-33.519222259521484, 190.23985290527344, 9.100000381469727)","(0.4486309289932251, 0.5014059543609619)",1,"(0.5906422138214111, 0.3843429386615753, 0.5303468704223633)","(-40.010013580322266, 37.49762725830078, 609.1040649414062)",1,"(-28.66579246520996, 184.31370544433594, 9.100000381469727)","(0.45635178685188293, 0.5181657671928406)",1
25,1167708985702229,"(0.7258972525596619, 0.3798214793205261, 0.5340169072151184)","(-95.96241760253906, 38.42832565307617, 610.205078125)",1,"(-35.440460205078125, 199.4460906982422, 9.100000381469727)","(0.4455745816230774, 0.47536978125572205)",1,"(0.5905431509017944, 0.3846200406551361, 0.5301320552825928)","(-39.96551513671875, 37.41082763671875, 609.0396118164062)",1,"(-26.280216217041016, 173.10789489746094, 9.100000381469727)","(0.46014678478240967, 0.5498569011688232)",1
26,1167708985748167,"(0.7256215214729309, 0.3800884485244751, 0.5334367156028748)","(-95.82811737060547, 38.33793258666992, 610.031005859375)",1,"(-49.142574310302734, 185.95199584960938, 9.100000381469727)","(0.42377719283103943, 0.5135324597358704)",1,"(0.5902809500694275, 0.3849741816520691, 0.5293745994567871)","(-39.8457145690918, 37.29133224487305, 608.8123779296875)",1,"(-39.284454345703125, 174.76695251464844, 9.100000381469727)","(0.43945956230163574, 0.5451648831367493)",1
27,1167708985795757,"(0.7252737879753113, 0.38047000765800476, 0.5333299040794373)","(-95.67991638183594, 38.222434997558594, 609.9989624023438)",1,"(-47.99817657470703, 188.86228942871094, 9.100000381469727)","(0.4255976974964142, 0.5053018927574158)",1,"(0.5899208784103394, 0.385519415140152, 0.5292692184448242)","(-39.69470977783203, 37.12713623046875, 608.78076171875)",1,"(-38.88337707519531, 173.3628692626953, 9.100000381469727)","(0.4400975704193115, 0.5491358041763306)",1
28,1167708985827538,"(0.7249317169189453, 0.3805992305278778, 0.5330393314361572)","(-95.52851867675781, 38.1793327331543, 609.9118041992188)",1,"(-44.642112731933594, 180.37054443359375, 9.100000381469727)","(0.4309365451335907, 0.5293173789978027)",1,"(0.5896068215370178, 0.3858279585838318, 0.529722273349762)","(-39.57121658325195, 37.04423141479492, 608.9166870117188)",1,"(-41.671051025390625, 174.5558319091797, 9.100000381469727)","(0.4356629252433777, 0.5457620024681091)",1
29,1167708985859180,"(0.7245475053787231, 0.3805893361568451, 0.53323894739151)","(-95.3766098022461, 38.187530517578125, 609.9716796875)",1,"(-44.89361572265625, 183.48243713378906, 9.100000381469727)","(0.4305364489555359, 0.5205166339874268)",1,"(0.5892344117164612, 0.38594940304756165, 0.5298270583152771)","(-39.41881561279297, 37.011138916015625, 608.9481201171875)",1,"(-36.66855239868164, 171.9369659423828, 9.100000381469727)","(0.4436209499835968, 0.5531684160232544)",1
30,1167708985892418,"(0.7239421010017395, 0.38081395626068115, 0.5338708758354187)","(-95.14742279052734, 38.13433074951172, 610.1612548828125)",1,"(-28.639781951904297, 156.26023864746094, 9.100000381469727)","(0.45639315247535706, 0.5975037813186646)",1,"(0.5888956189155579, 0.3861744701862335, 0.5300126075744629)","(-39.281314849853516, 36.94823455810547, 609.0037841796875)",1,"(-26.393619537353516, 141.9779815673828, 9.100000381469727)","(0.45996636152267456, 0.6378955245018005)",1
31,1167708985940081,"(0.723448634147644, 0.3807013928890228, 0.5332112908363342)","(-94.92141723632812, 38.1573371887207, 609.96337890625)",1,"(-42.951045989990234, 161.72607421875, 9.100000381469727)","(0.4336267113685608, 0.58204585313797)",1,"(0.5883309841156006, 0.38615280389785767, 0.5298165082931519)","(-39.045616149902344, 36.9532356262207, 608.9449462890625)",1,"(-33.422943115234375, 145.6021270751953, 9.100000381469727)","(0.44878408312797546, 0.6276460289955139)",1
32,1167708986013149,"(0.7224971055984497, 0.380725622177124, 0.5337573289871216)","(-94.54671478271484, 38.164031982421875, 610.127197265625)",1,"(-43.09200668334961, 155.67213439941406, 9.100000381469727)","(0.43340247869491577, 0.5991670489311218)",1,"(0.587255597114563, 0.3862495422363281, 0.5296102166175842)","(-38.59881591796875, 36.924339294433594, 608.883056640625)",1,"(-34.56066131591797, 144.94361877441406, 9.100000381469727)","(0.4469741880893707, 0.629508376121521)",1
33,1167708986121685,"(0.7204750776290894, 0.3811686933040619, 0.5319589972496033)","(-93.65021514892578, 38.003936767578125, 609.5877075195312)",1,"(-36.59396743774414, 147.1038055419922, 9.100000381469727)","(0.4437395930290222, 0.6233991384506226)",1,"(0.585159182548523, 0.3871689736843109, 0.5284429788589478)","(-37.716209411621094, 36.63473892211914, 608.5328979492188)",1,"(-33.07213592529297, 140.08584594726562, 9.100000381469727)","(0.44934213161468506, 0.6432466506958008)",1
34,1167708986228569,"(0.7176984548568726, 0.38176780939102173, 0.5309010744094849)","(-92.46751403808594, 37.81403350830078, 609.2703247070312)",1,"(-41.271419525146484, 115.21109771728516, 9.100000381469727)","(0.436298668384552, 0.7135949730873108)",1,"(0.5824772119522095, 0.3882462978363037, 0.5264119505882263)","(-36.58131408691406, 36.2845344543457, 607.923583984375)",1,"(-35.16044235229492, 107.53162384033203, 9.100000381469727)","(0.4460200369358063, 0.7353132963180542)",1
35,1167708986306064,"(0.715872049331665, 0.3816941976547241, 0.5300537347793579)","(-91.6860122680664, 37.82673645019531, 609.01611328125)",1,"(-44.9287109375, 114.01006317138672, 9.100000381469727)","(0.43048062920570374, 0.7169916033744812)",1,"(0.5804858207702637, 0.38830751180648804, 0.5252400636672974)","(-35.74521255493164, 36.252132415771484, 607.572021484375)",1,"(-36.486541748046875, 105.69100952148438, 9.100000381469727)","(0.44391047954559326, 0.7405187487602234)",1
36,1167708986343564,"(0.7149679064750671, 0.38166868686676025, 0.5290887355804443)","(-91.2815170288086, 37.819435119628906, 608.7266235351562)",1,"(-45.707740783691406, 113.78886413574219, 9.100000381469727)","(0.4292413592338562, 0.7176172137260437)",1,"(0.5795886516571045, 0.38832882046699524, 0.5244492888450623)","(-35.365421295166016, 36.23453903198242, 607.3347778320312)",1,"(-34.143402099609375, 102.98564910888672, 9.100000381469727)","(0.44763797521591187, 0.7481697797775269)",1
37,1167708986375951,"(0.714233934879303, 0.3816336989402771, 0.5283878445625305)","(-90.95601654052734, 37.81923294067383, 608.516357421875)",1,"(-40.51150894165039, 114.47525024414062, 9.100000381469727)","(0.4375075399875641, 0.7156760096549988)",1,"(0.5788061618804932, 0.3883756697177887, 0.5240492820739746)","(-35.03791427612305, 36.21613693237305, 607.2147827148438)",1,"(-35.935420989990234, 106.93489074707031, 9.100000381469727)","(0.4447872042655945, 0.7370009422302246)",1
38,1167708986408329,"(0.7134354114532471, 0.3815167546272278, 0.5281144380569458)","(-90.61811065673828, 37.85203552246094, 608.434326171875)",1,"(-41.801231384277344, 114.07228088378906, 9.100000381469727)","(0.435455858707428, 0.7168156504631042)",1,"(0.5779649019241333, 0.38841772079467773, 0.52346271276474)","(-34.68400955200195, 36.1959342956543, 607.038818359375)",1,"(-34.46575927734375, 103.95674896240234, 9.100000381469727)","(0.4471251666545868, 0.745423436164856)",1
39,1167708986440732,"(0.71256422996521, 0.38130590319633484, 0.5284008979797363)","(-90.26850891113281, 37.92393112182617, 608.520263671875)",1,"(-44.00718307495117, 110.21184539794922, 9.100000381469727)","(0.43194660544395447, 0.7277333736419678)",1,"(0.5770934224128723, 0.38852035999298096, 0.5232604742050171)","(-34.32261276245117, 36.164737701416016, 606.9781494140625)",1,"(-32.777244567871094, 101.341064453125, 9.100000381469727)","(0.44981124997138977, 0.7528208494186401)",1
40,1167708986473135,"(0.7116299271583557, 0.3812467157840729, 0.5276167988777161)","(-89.85821533203125, 37.930137634277344, 608.2850341796875)",1,"(-44.498348236083984, 109.49560546875, 9.100000381469727)","(0.43116524815559387, 0.7297589778900146)",1,"(0.5761593580245972, 0.38873931765556335, 0.5226501226425171)","(-33.930118560791016, 36.09163284301758, 606.7950439453125)",1,"(-35.158843994140625, 102.63160705566406, 9.100000381469727)","(0.4460225999355316, 0.7491710782051086)",1
41,1167708986505354,"(0.7107738852500916, 0.3812510371208191, 0.5276188254356384)","(-89.50531768798828, 37.932029724121094, 608.28564453125)",1,"(-45.602195739746094, 109.07064819335938, 9.100000381469727)","(0.4294092357158661, 0.7309607863426208)",1,"(0.5752776861190796, 0.38893458247184753, 0.5223588347434998)","(-33.56331253051758, 36.031131744384766, 606.7076416015625)",1,"(-31.97572898864746, 103.47696685791016, 9.100000381469727)","(0.4510863125324249, 0.746780276298523)",1
42,1167708986537852,"(0.7098683714866638, 0.38128694891929626, 0.5267663598060608)","(-89.1047134399414, 37.9083366394043, 608.0299072265625)",1,"(-42.12389373779297, 109.20779418945312, 9.100000381469727)","(0.4349425435066223, 0.7305729389190674)",1,"(0.5743813514709473, 0.3892325758934021, 0.5222945213317871)","(-33.19321060180664, 35.94423294067383, 606.6883544921875)",1,"(-35.690895080566406, 104.77297973632812, 9.100000381469727)","(0.44517621397972107, 0.7431150674819946)",1
43,1167708986570141,"(0.7090665698051453, 0.3813610374927521, 0.5268054008483887)","(-88.77531433105469, 37.88983917236328, 608.0416259765625)",1,"(-44.32390594482422, 107.02987670898438, 9.100000381469727)","(0.4314427673816681, 0.7367323040962219)",1,"(0.5735722780227661, 0.38946405053138733, 0.522195041179657)","(-32.85871505737305, 35.87622833251953, 606.6585083007812)",1,"(-36.01237869262695, 104.20433807373047, 9.100000381469727)","(0.44466477632522583, 0.7447232007980347)",1
44,1167708986604157,"(0.707966685295105, 0.3817029893398285, 0.5267787575721741)","(-88.3204116821289, 37.79093551635742, 608.0336303710938)",1,"(-37.70343780517578, 93.28377532958984, 9.100000381469727)","(0.4419746398925781, 0.775607705116272)",1,"(0.5727352499961853, 0.390023797750473, 0.5222926735877991)","(-32.51451873779297, 35.71373748779297, 606.6878051757812)",1,"(-27.931928634643555, 85.0597152709961, 9.100000381469727)","(0.4575192332267761, 0.7988661527633667)",1
45,1167708986636920,"(0.7072615623474121, 0.3817237913608551, 0.5266916751861572)","(-88.02701568603516, 37.78563690185547, 608.0075073242188)",1,"(-43.04037094116211, 94.47510528564453, 9.100000381469727)","(0.43348461389541626, 0.7722384929656982)",1,"(0.5719856023788452, 0.3902119994163513, 0.5220385789871216)","(-32.20271301269531, 35.65573501586914, 606.611572265625)",1,"(-31.724163055419922, 87.27508544921875, 9.100000381469727)","(0.4514864981174469, 0.7926008701324463)",1
46,1167708986669256,"(0.7066391706466675, 0.38173866271972656, 0.5267232060432434)","(-87.77141571044922, 37.78403854370117, 608.0169677734375)",1,"(-38.08437728881836, 94.5511245727539, 9.100000381469727)","(0.44136863946914673, 0.7720234990119934)",1,"(0.5712485909461975, 0.3904162347316742, 0.5221024751663208)","(-31.899917602539062, 35.59853744506836, 606.6307373046875)",1,"(-34.13423156738281, 91.25444793701172, 9.100000381469727)","(0.44765254855155945, 0.78134685754776)",1
47,1167708986701699,"(0.7059355974197388, 0.3816834092140198, 0.5268332958221436)","(-87.48501586914062, 37.805240631103516, 608.0499877929688)",1,"(-41.102577209472656, 92.39273834228516, 9.100000381469727)","(0.4365672767162323, 0.7781276702880859)",1,"(0.5705579519271851, 0.3905062675476074, 0.5215750932693481)","(-31.60941505432129, 35.56462860107422, 606.4725341796875)",1,"(-28.582063674926758, 87.68612670898438, 9.100000381469727)","(0.45648497343063354, 0.7914384007453918)",1
48,1167708986734147,"(0.7052562236785889, 0.3816048502922058, 0.5267747044563293)","(-87.20330810546875, 37.83013153076172, 608.0324096679688)",1,"(-43.31129837036133, 91.37786102294922, 9.100000381469727)","(0.4330536127090454, 0.7809978127479553)",1,"(0.5699102878570557, 0.3905239403247833, 0.5217919945716858)","(-31.345417022705078, 35.565635681152344, 606.53759765625)",1,"(-29.21037483215332, 86.49876403808594, 9.100000381469727)","(0.455485463142395, 0.7947964072227478)",1
49,1167708986766762,"(0.7046511769294739, 0.38151490688323975, 0.5260487794876099)","(-86.93161010742188, 37.84553146362305, 607.8146362304688)",1,"(-41.35383987426758, 89.68604278564453, 9.100000381469727)","(0.43616756796836853, 0.7857824563980103)",1,"(0.5692849159240723, 0.3905332088470459, 0.5218762159347534)","(-31.0891170501709, 35.56673812866211, 606.5628662109375)",1,"(-34.0714225769043, 86.38611602783203, 9.100000381469727)","(0.4477524757385254, 0.7951149940490723)",1
50,1167708986800005,"(0.7041240334510803, 0.38145190477371216, 0.5267199873924255)","(-86.73531341552734, 37.87913513183594, 608.0159912109375)",1,"(-42.989192962646484, 85.02139282226562, 9.100000381469727)","(0.43356603384017944, 0.7989745736122131)",1,"(0.5687653422355652, 0.3905394375324249, 0.5216577053070068)","(-30.872817993164062, 35.562835693359375, 606.497314453125)",1,"(-28.673721313476562, 82.86906433105469, 9.100000381469727)","(0.45633918046951294, 0.8050615787506104)",1
51,1167708986833211,"(0.7034763097763062, 0.3816835582256317, 0.5261332392692566)","(-86.44971466064453, 37.80093765258789, 607.8399658203125)",1,"(-32.44158172607422, 73.39285278320312, 9.100000381469727)","(0.4503452181816101, 0.8318612575531006)",1,"(0.5682569742202759, 0.3908580541610718, 0.5218092799186707)","(-30.664913177490234, 35.47224044799805, 606.5427856445312)",1,"(-27.67376136779785, 73.40444946289062, 9.100000381469727)","(0.45792990922927856, 0.8318284749984741)",1
52,1167708986866396,"(0.7030818462371826, 0.3816727101802826, 0.5260552763938904)","(-86.28482055664062, 37.804134368896484, 607.8165893554688)",1,"(-36.181758880615234, 72.91874694824219, 9.100000381469727)","(0.4443953335285187, 0.833202064037323)",1,"(0.5677958726882935, 0.39088860154151917, 0.5218743681907654)","(-30.47581672668457, 35.46593475341797, 606.5623168945312)",1,"(-29.153139114379883, 74.27421569824219, 9.100000381469727)","(0.45557650923728943, 0.8293686509132385)",1
53,1167708986900299,"(0.702693521976471, 0.38168805837631226, 0.5259497165679932)","(-86.12151336669922, 37.79893493652344, 607.784912109375)",1,"(-33.26289749145508, 70.55856323242188, 9.100000381469727)","(0.44903868436813354, 0.8398768901824951)",1,"(0.5673779249191284, 0.39096635580062866, 0.5216453075408936)","(-30.30121612548828, 35.44013977050781, 606.4935913085938)",1,"(-27.99287986755371, 73.2194595336914, 9.100000381469727)","(0.45742225646972656, 0.8323516249656677)",1
54,1167708986933349,"(0.7023372650146484, 0.38175055384635925, 0.5256677269935608)","(-85.9659194946289, 37.77613830566406, 607.7003173828125)",1,"(-35.6399040222168, 71.60035705566406, 9.100000381469727)","(0.4452573359012604, 0.8369306325912476)",1,"(0.5670278072357178, 0.39108580350875854, 0.5210569500923157)","(-30.150415420532227, 35.395233154296875, 606.3170776367188)",1,"(-25.838787078857422, 71.62388610839844, 9.100000381469727)","(0.46084898710250854, 0.8368640542030334)",1
55,1167708986966767,"(0.7020028233528137, 0.38183683156967163, 0.5254093408584595)","(-85.82001495361328, 37.74663162231445, 607.622802734375)",1,"(-35.87709045410156, 67.8493423461914, 9.100000381469727)","(0.44488000869750977, 0.8475388288497925)",1,"(0.5666822791099548, 0.3912339210510254, 0.5208064913749695)","(-30.00531005859375, 35.347740173339844, 606.241943359375)",1,"(-27.37868881225586, 71.64969635009766, 9.100000381469727)","(0.45839932560920715, 0.8367910981178284)",1
56,1167708986999121,"(0.7017177939414978, 0.38189083337783813, 0.524724543094635)","(-85.6814193725586, 37.718536376953125, 607.4173583984375)",1,"(-33.67320251464844, 68.416748046875, 9.100000381469727)","(0.44838595390319824, 0.8459341526031494)",1,"(0.5663636922836304, 0.39139604568481445, 0.5205430388450623)","(-29.871110916137695, 35.29582977294922, 606.1629028320312)",1,"(-23.96318244934082, 69.439208984375, 9.100000381469727)","(0.4638327360153198, 0.8430425524711609)",1
57,1167708987031502,"(0.701468288898468, 0.38191094994544983, 0.5251383185386658)","(-85.59130859375, 37.72123718261719, 607.54150390625)",1,"(-34.712257385253906, 69.12462615966797, 9.100000381469727)","(0.4467330276966095, 0.8439322710037231)",1,"(0.5660449266433716, 0.3914675712585449, 0.5203751921653748)","(-29.738113403320312, 35.27263259887695, 606.112548828125)",1,"(-24.01671600341797, 70.4216537475586, 9.100000381469727)","(0.4637475609779358, 0.840264081954956)",1
58,1167708987064252,"(0.7011376619338989, 0.3818705081939697, 0.524931013584137)","(-85.44881439208984, 37.73063659667969, 607.4793090820312)",1,"(-36.20694351196289, 64.94239044189453, 9.100000381469727)","(0.4443552792072296, 0.8557600378990173)",1,"(0.5657168626785278, 0.3914619982242584, 0.520197331905365)","(-29.60121726989746, 35.27233123779297, 606.0592041015625)",1,"(-28.850830078125, 68.90184783935547, 9.100000381469727)","(0.45605742931365967, 0.844562292098999)",1
59,1167708987096695,"(0.7007746696472168, 0.3819369077682495, 0.5248795747756958)","(-85.29761505126953, 37.71113204956055, 607.4638671875)",1,"(-36.93744659423828, 56.51482391357422, 9.100000381469727)","(0.4431931972503662, 0.8795940279960632)",1,"(0.5654943585395813, 0.3915068805217743, 0.5198870897293091)","(-29.50631332397461, 35.254234313964844, 605.9661254882812)",1,"(-27.332534790039062, 61.534793853759766, 9.100000381469727)","(0.45847272872924805, 0.865397036075592)",1
60,1167708987130416,"(0.7004892826080322, 0.38199740648269653, 0.5241410136222839)","(-85.15741729736328, 37.68003463745117, 607.2423095703125)",1,"(-36.090511322021484, 57.56952667236328, 9.100000381469727)","(0.44454050064086914, 0.8766112327575684)",1,"(0.5651810765266418, 0.3915565609931946, 0.5195916891098022)","(-29.374216079711914, 35.235328674316406, 605.8775024414062)",1,"(-25.55949592590332, 59.05691909790039, 9.100000381469727)","(0.4612933099269867, 0.8724047541618347)",1
61,1167708987163557,"(0.7001729607582092, 0.3820450007915497, 0.5239784717559814)","(-85.0221176147461, 37.66383743286133, 607.1935424804688)",1,"(-36.26828384399414, 59.16925811767578, 9.100000381469727)","(0.4442576766014099, 0.8720870614051819)",1,"(0.5648413300514221, 0.39159953594207764, 0.5194909572601318)","(-29.233413696289062, 35.2219352722168, 605.8472900390625)",1,"(-26.091230392456055, 60.44987487792969, 9.100000381469727)","(0.46044740080833435, 0.8684653043746948)",1
62,1167708987196443,"(0.6998561024665833, 0.3820399045944214, 0.523816704750061)","(-84.88671875, 37.663429260253906, 607.14501953125)",1,"(-39.291831970214844, 57.160831451416016, 9.100000381469727)","(0.439447820186615, 0.8777670860290527)",1,"(0.5645101070404053, 0.39160293340682983, 0.5189780592918396)","(-29.091718673706055, 35.213035583496094, 605.6934204101562)",1,"(-25.26528549194336, 60.433223724365234, 9.100000381469727)","(0.46176132559776306, 0.8685123920440674)",1
63,1167708987229213,"(0.6995553374290466, 0.3819212019443512, 0.5231425166130066)","(-84.74271392822266, 37.68723678588867, 606.9427490234375)",1,"(-34.785675048828125, 59.680240631103516, 9.100000381469727)","(0.4466162323951721, 0.8706419467926025)",1,"(0.5641689896583557, 0.3915706276893616, 0.5188860893249512)","(-28.950613021850586, 35.222232818603516, 605.6658325195312)",1,"(-27.08590316772461, 60.714500427246094, 9.100000381469727)","(0.45886507630348206, 0.867716908454895)",1
64,1167708987261929,"(0.6993094682693481, 0.38182806968688965, 0.5237457156181335)","(-84.65991973876953, 37.7275390625, 607.1237182617188)",1,"(-34.25603485107422, 58.238277435302734, 9.100000381469727)","(0.44745880365371704, 0.8747199177742004)",1,"(0.563834011554718, 0.39154157042503357, 0.5188588500022888)","(-28.812719345092773, 35.231632232666016, 605.6576538085938)",1,"(-27.974485397338867, 61.17879104614258, 9.100000381469727)","(0.4574515223503113, 0.8664038777351379)",1
65,1167708987295180,"(0.6990032196044922, 0.3818216323852539, 0.5235923528671265)","(-84.52921295166016, 37.727638244628906, 607.0776977539062)",1,"(-38.192630767822266, 59.64561462402344, 9.100000381469727)","(0.4411964416503906, 0.8707398176193237)",1,"(0.5635279417037964, 0.3915727138519287, 0.5187052488327026)","(-28.685211181640625, 35.22073745727539, 605.611572265625)",1,"(-24.633760452270508, 56.2005500793457, 9.100000381469727)","(0.46276596188545227, 0.8804828524589539)",1
66,1167708987327717,"(0.698752760887146, 0.3818438649177551, 0.5230727195739746)","(-84.41031646728516, 37.712032318115234, 606.9218139648438)",1,"(-34.8895263671875, 59.26397705078125, 9.100000381469727)","(0.4464510381221771, 0.8718191385269165)",1,"(0.5632786750793457, 0.3916241526603699, 0.5190895795822144)","(-28.586715698242188, 35.213134765625, 605.7268676757812)",1,"(-32.51255798339844, 59.66294860839844, 9.100000381469727)","(0.4502323269844055, 0.8706908226013184)",1
67,1167708987360650,"(0.6985523700714111, 0.38189882040023804, 0.5236796140670776)","(-84.34611511230469, 37.70783615112305, 607.1038818359375)",1,"(-36.397403717041016, 59.00437545776367, 9.100000381469727)","(0.4440522789955139, 0.8725533485412598)",1,"(0.5630239844322205, 0.3916853070259094, 0.5188065767288208)","(-28.47901725769043, 35.190834045410156, 605.6419677734375)",1,"(-23.516963958740234, 54.245765686035156, 9.100000381469727)","(0.46454256772994995, 0.8860111832618713)",1
68,1167708987393915,"(0.6982884407043457, 0.3819591701030731, 0.5235852003097534)","(-84.23442077636719, 37.688934326171875, 607.0755615234375)",1,"(-37.740901947021484, 56.837371826171875, 9.100000381469727)","(0.44191503524780273, 0.8786818385124207)",1,"(0.5627723336219788, 0.3917423486709595, 0.5187251567840576)","(-28.374610900878906, 35.17323684692383, 605.6175537109375)",1,"(-29.744314193725586, 63.385616302490234, 9.100000381469727)","(0.4546360671520233, 0.8601627349853516)",1
69,1167708987427261,"(0.6980602741241455, 0.3819807469844818, 0.5231343507766724)","(-84.12690734863281, 37.67483901977539, 606.9403076171875)",1,"(-32.87245178222656, 55.40976333618164, 9.100000381469727)","(0.4496597945690155, 0.8827192783355713)",1,"(0.5625820755958557, 0.3917400538921356, 0.5189194679260254)","(-28.298412322998047, 35.178131103515625, 605.6758422851562)",1,"(-26.607006072998047, 58.66404342651367, 9.100000381469727)","(0.4596269130706787, 0.8735158443450928)",1
70,1167708987460621,"(0.6978431940078735, 0.3820395767688751, 0.5239318609237671)","(-84.06141662597656, 37.67313003540039, 607.1795654296875)",1,"(-36.13511657714844, 54.819366455078125, 9.100000381469727)","(0.44446954131126404, 0.8843889832496643)",1,"(0.5623197555541992, 0.39179784059524536, 0.5191996097564697)","(-28.19341278076172, 35.16683578491211, 605.7598876953125)",1,"(-25.3490047454834, 54.00523376464844, 9.100000381469727)","(0.46162813901901245, 0.8866913914680481)",1
71,1167708987494060,"(0.6974613666534424, 0.3819009065628052, 0.5241156220436096)","(-83.91001892089844, 37.71953582763672, 607.2346801757812)",1,"(-30.14683723449707, 61.93132400512695, 9.100000381469727)","(0.4539957344532013, 0.8642756342887878)",1,"(0.5619847774505615, 0.3917286992073059, 0.5194313526153564)","(-28.058319091796875, 35.192832946777344, 605.8294067382812)",1,"(-24.78268814086914, 62.276485443115234, 9.100000381469727)","(0.4625290632247925, 0.8632994890213013)",1
72,1167708987527214,"(0.6971449255943298, 0.3817497491836548, 0.5242083668708801)","(-83.7828140258789, 37.767635345458984, 607.2625122070312)",1,"(-40.527923583984375, 67.87389373779297, 9.100000381469727)","(0.43748143315315247, 0.8474694490432739)",1,"(0.5616746544837952, 0.39161932468414307, 0.5201505422592163)","(-27.938417434692383, 35.23933410644531, 606.045166015625)",1,"(-23.295942306518555, 62.404991149902344, 9.100000381469727)","(0.46489417552948, 0.8629360198974609)",1
73,1167708987560457,"(0.6968095898628235, 0.38155633211135864, 0.5243471264839172)","(-83.6493148803711, 37.829437255859375, 607.3041381835938)",1,"(-35.711814880371094, 64.35997772216797, 9.100000381469727)","(0.445142924785614, 0.8574071526527405)",1,"(0.5613201260566711, 0.3915309011936188, 0.5202174782752991)","(-27.793418884277344, 35.26823425292969, 606.0652465820312)",1,"(-27.66448211669922, 68.36061096191406, 9.100000381469727)","(0.4579446613788605, 0.846092939376831)",1
74,1167708987593729,"(0.6965115070343018, 0.3813861906528473, 0.5239971876144409)","(-83.51641845703125, 37.874732971191406, 607.1991577148438)",1,"(-30.445316314697266, 62.6223258972168, 9.100000381469727)","(0.45352089405059814, 0.8623213768005371)",1,"(0.5609986782073975, 0.3913739323616028, 0.5204514861106873)","(-27.66391372680664, 35.3204345703125, 606.1354370117188)",1,"(-24.05034828186035, 63.33397674560547, 9.100000381469727)","(0.4636940658092499, 0.8603087663650513)",1
75,1167708987627154,"(0.6962648034095764, 0.38116079568862915, 0.5246885418891907)","(-83.4359130859375, 37.95633316040039, 607.4065551757812)",1,"(-31.404855728149414, 68.80245971679688, 9.100000381469727)","(0.45199447870254517, 0.844843327999115)",1,"(0.560700535774231, 0.3912425935268402, 0.5206238031387329)","(-27.54331398010254, 35.36383056640625, 606.1871337890625)",1,"(-26.154869079589844, 65.917724609375, 9.100000381469727)","(0.46034616231918335, 0.8530016541481018)",1
76,1167708987660788,"(0.695950448513031, 0.3809514045715332, 0.5248122215270996)","(-83.31061553955078, 38.02253723144531, 607.4436645507812)",1,"(-35.37399673461914, 69.07591247558594, 9.100000381469727)","(0.44568032026290894, 0.8440700173377991)",1,"(0.5604457855224609, 0.3911893665790558, 0.5210127830505371)","(-27.44251251220703, 35.387638092041016, 606.3038330078125)",1,"(-22.43247413635254, 66.98567199707031, 9.100000381469727)","(0.46626779437065125, 0.849981427192688)",1
77,1167708987694124,"(0.6956310868263245, 0.3808528482913971, 0.5249066352844238)","(-83.18211364746094, 38.054935455322266, 607.4719848632812)",1,"(-34.37887191772461, 67.30425262451172, 9.100000381469727)","(0.4472633898258209, 0.8490804433822632)",1,"(0.5601184368133545, 0.3912031948566437, 0.5212107300758362)","(-27.309919357299805, 35.38823318481445, 606.3632202148438)",1,"(-27.52562713623047, 69.69872283935547, 9.100000381469727)","(0.45816555619239807, 0.8423086404800415)",1
78,1167708987727346,"(0.6952905654907227, 0.3808228075504303, 0.5249875783920288)","(-83.04431915283203, 38.066734313964844, 607.4962768554688)",1,"(-36.883018493652344, 68.42566680908203, 9.100000381469727)","(0.44327977299690247, 0.8459089994430542)",1,"(0.5597872138023376, 0.39127132296562195, 0.521319568157196)","(-27.174617767333984, 35.37103271484375, 606.3958740234375)",1,"(-24.73296546936035, 62.9072380065918, 9.100000381469727)","(0.4626081585884094, 0.8615156412124634)",1
79,1167708987760538,"(0.6951425671577454, 0.3808897137641907, 0.5251474976539612)","(-82.98792266845703, 38.050331115722656, 607.5442504882812)",1,"(-42.684268951416016, 72.15652465820312, 9.100000381469727)","(0.4340510964393616, 0.8353577256202698)",1,"(0.5597059726715088, 0.3913339078426361, 0.521121621131897)","(-27.139110565185547, 35.34913635253906, 606.3364868164062)",1,"(-29.521934509277344, 66.85498046875, 9.100000381469727)","(0.45498982071876526, 0.8503510355949402)",1
80,1167708987793988,"(0.6948728561401367, 0.38089698553085327, 0.5251253247261047)","(-82.87611389160156, 38.04873275756836, 607.53759765625)",1,"(-42.91178512573242, 69.3237533569336, 9.100000381469727)","(0.4336891770362854, 0.8433690667152405)",1,"(0.5594125986099243, 0.3914130628108978, 0.5209393501281738)","(-27.016517639160156, 35.32333755493164, 606.2817993164062)",1,"(-33.96187210083008, 73.18494415283203, 9.100000381469727)","(0.44792675971984863, 0.8324492573738098)",1
81,1167708987826725,"(0.6947226524353027, 0.38085126876831055, 0.5253424048423767)","(-82.82081604003906, 38.067138671875, 607.6027221679688)",1,"(-41.00852966308594, 71.7005615234375, 9.100000381469727)","(0.43671688437461853, 0.8366472125053406)",1,"(0.5591788291931152, 0.39139464497566223, 0.5210874676704407)","(-26.921916961669922, 35.332332611083984, 606.3262329101562)",1,"(-36.939937591552734, 71.67407989501953, 9.100000381469727)","(0.44318923354148865, 0.8367221355438232)",1
82,1167708987859248,"(0.6944900751113892, 0.3807092308998108, 0.5254764556884766)","(-82.72921752929688, 38.113033294677734, 607.6429443359375)",1,"(-46.09138107299805, 74.1476821899414, 9.100000381469727)","(0.4286310374736786, 0.82972651720047)",1,"(0.5590053200721741, 0.39125677943229675, 0.5210986137390137)","(-26.850811004638672, 35.37434005737305, 606.32958984375)",1,"(-32.902854919433594, 69.9896240234375, 9.100000381469727)","(0.4496114253997803, 0.8414859175682068)",1
83,1167708987891912,"(0.6943480968475342, 0.3804756999015808, 0.5255470871925354)","(-82.6733169555664, 38.18483352661133, 607.6641235351562)",1,"(-39.778560638427734, 70.94182586669922, 9.100000381469727)","(0.4386735260486603, 0.8387929797172546)",1,"(0.558784544467926, 0.3910488784313202, 0.5212668776512146)","(-26.76201057434082, 35.44023895263672, 606.3800659179688)",1,"(-33.43055725097656, 75.49890899658203, 9.100000381469727)","(0.44877195358276367, 0.8259050846099854)",1
84,1167708987924353,"(0.6941356062889099, 0.3803166449069977, 0.5255991816520691)","(-82.58761596679688, 38.23423385620117, 607.6797485351562)",1,"(-47.68461990356445, 80.57091522216797, 9.100000381469727)","(0.42609649896621704, 0.8115609884262085)",1,"(0.5586481094360352, 0.3907853364944458, 0.5213629007339478)","(-26.707313537597656, 35.52113342285156, 606.4088745117188)",1,"(-35.39586639404297, 77.95327758789062, 9.100000381469727)","(0.4456455409526825, 0.818963885307312)",1
85,1167708987956967,"(0.6940247416496277, 0.3799612820148468, 0.525733232498169)","(-82.54672241210938, 38.3436393737793, 607.719970703125)",1,"(-42.62128829956055, 81.2592544555664, 9.100000381469727)","(0.434151291847229, 0.8096142411231995)",1,"(0.5584897994995117, 0.39049211144447327, 0.521929919719696)","(-26.64821434020996, 35.619537353515625, 606.5789794921875)",1,"(-35.03725814819336, 79.70310974121094, 9.100000381469727)","(0.44621601700782776, 0.8140152096748352)",1
86,1167708987989456,"(0.693901538848877, 0.37960752844810486, 0.5260866284370422)","(-82.50711059570312, 38.45693588256836, 607.8259887695312)",1,"(-42.61745834350586, 82.56822967529297, 9.100000381469727)","(0.4341573715209961, 0.8059123754501343)",1,"(0.5583404302597046, 0.39014819264411926, 0.52182537317276)","(-26.586313247680664, 35.72093963623047, 606.547607421875)",1,"(-37.14027404785156, 87.04039001464844, 9.100000381469727)","(0.44287052750587463, 0.793264627456665)",1
87,1167708988022123,"(0.6937434077262878, 0.37931814789772034, 0.526034951210022)","(-82.44100952148438, 38.54313278198242, 607.8104858398438)",1,"(-46.871604919433594, 83.96979522705078, 9.100000381469727)","(0.42738986015319824, 0.8019485473632812)",1,"(0.5582596063613892, 0.38986533880233765, 0.5219336152076721)","(-26.55461311340332, 35.807735443115234, 606.580078125)",1,"(-32.009857177734375, 77.99383544921875, 9.100000381469727)","(0.45103201270103455, 0.8188492059707642)",1
88,1167708988055335,"(0.6937008500099182, 0.3791956305503845, 0.526180624961853)","(-82.42801666259766, 38.58283233642578, 607.8541870117188)",1,"(-46.860870361328125, 88.78844451904297, 9.100000381469727)","(0.4274069368839264, 0.7883209586143494)",1,"(0.5582171082496643, 0.38974666595458984, 0.52215576171875)","(-26.539514541625977, 35.84733200073242, 606.646728515625)",1,"(-31.08513069152832, 80.43778991699219, 9.100000381469727)","(0.4525030851364136, 0.8119374513626099)",1
89,1167708988087968,"(0.693706214427948, 0.3791734278202057, 0.5263559818267822)","(-82.43541717529297, 38.59283447265625, 607.9067993164062)",1,"(-45.15071487426758, 90.80235290527344, 9.100000381469727)","(0.43012747168540955, 0.7826253771781921)",1,"(0.5582320690155029, 0.38972216844558716, 0.5222582817077637)","(-26.54661750793457, 35.85643768310547, 606.677490234375)",1,"(-30.503686904907227, 86.40702056884766, 9.100000381469727)","(0.4534280598163605, 0.7950558662414551)",1
90,1167708988121212,"(0.6937547326087952, 0.379163533449173, 0.5265138745307922)","(-82.46011352539062, 38.59873962402344, 607.9541625976562)",1,"(-44.05823516845703, 89.26571655273438, 9.100000381469727)","(0.431865394115448, 0.7869711518287659)",1,"(0.5582935810089111, 0.3897038996219635, 0.5224524140357971)","(-26.573911666870117, 35.86513900756836, 606.7357177734375)",1,"(-32.04999923706055, 88.38277435302734, 9.100000381469727)","(0.4509681761264801, 0.7894682288169861)",1
91,1167708988153456,"(0.6938914656639099, 0.379116415977478, 0.5273215770721436)","(-82.54041290283203, 38.62803649902344, 608.1964721679688)",1,"(-45.77253341674805, 96.41567993164062, 9.100000381469727)","(0.42913827300071716, 0.7667503356933594)",1,"(0.5583932995796204, 0.38965415954589844, 0.5228399634361267)","(-26.618816375732422, 35.88673782348633, 606.8519897460938)",1,"(-32.79331588745117, 90.29523468017578, 9.100000381469727)","(0.44978567957878113, 0.7840595841407776)",1
92,1167708988185969,"(0.6939870715141296, 0.3791283369064331, 0.5275121927261353)","(-82.58541870117188, 38.627838134765625, 608.253662109375)",1,"(-48.07509994506836, 97.7188720703125, 9.100000381469727)","(0.4254753291606903, 0.7630648016929626)",1,"(0.5585253834724426, 0.38960370421409607, 0.5231679081916809)","(-26.676515579223633, 35.90723419189453, 606.9503784179688)",1,"(-35.95591354370117, 92.70382690429688, 9.100000381469727)","(0.44475460052490234, 0.7772478461265564)",1
93,1167708988218500,"(0.6941871047019958, 0.3791578412055969, 0.527513861656189)","(-82.66792297363281, 38.618228912353516, 608.254150390625)",1,"(-42.49209976196289, 97.81355285644531, 9.100000381469727)","(0.43435680866241455, 0.7627969980239868)",1,"(0.5586976408958435, 0.38957276940345764, 0.5228814482688904)","(-26.74471092224121, 35.9106330871582, 606.8644409179688)",1,"(-31.9030818939209, 93.05599975585938, 9.100000381469727)","(0.4512018859386444, 0.7762518525123596)",1
94,1167708988251078,"(0.694332480430603, 0.37909936904907227, 0.5277791619300842)","(-82.7358169555664, 38.640438079833984, 608.333740234375)",1,"(-44.732826232910156, 100.48855590820312, 9.100000381469727)","(0.4307922422885895, 0.7552318572998047)",1,"(0.5588875412940979, 0.3894689977169037, 0.5234796404838562)","(-26.82891273498535, 35.951839447021484, 607.0438842773438)",1,"(-35.8455696105957, 102.53128051757812, 9.100000381469727)","(0.44493013620376587, 0.7494547963142395)",1
95,1167708988283334,"(0.6945688128471375, 0.378936767578125, 0.527914822101593)","(-82.83760833740234, 38.69093322753906, 608.3744506835938)",1,"(-40.71788024902344, 97.74385833740234, 9.100000381469727)","(0.43717923760414124, 0.762994110584259)",1,"(0.559100866317749, 0.3892334997653961, 0.5235129594802856)","(-26.917415618896484, 36.02203369140625, 607.0538940429688)",1,"(-34.137359619140625, 97.68062591552734, 9.100000381469727)","(0.4476475715637207, 0.7631729245185852)",1
96,1167708988315740,"(0.6947129368782043, 0.37877801060676575, 0.5280053615570068)","(-82.90011596679688, 38.73973083496094, 608.401611328125)",1,"(-40.357452392578125, 101.71595764160156, 9.100000381469727)","(0.4377526044845581, 0.7517606019973755)",1,"(0.5592872500419617, 0.38894498348236084, 0.5238100290298462)","(-26.997610092163086, 36.113037109375, 607.1430053710938)",1,"(-36.80204391479492, 103.96910858154297, 9.100000381469727)","(0.4434085786342621, 0.7453884482383728)",1
97,1167708988348113,"(0.6949705481529236, 0.37850403785705566, 0.5282399654388428)","(-83.0138168334961, 38.82553482055664, 608.4719848632812)",1,"(-36.943477630615234, 103.68000793457031, 9.100000381469727)","(0.4431836009025574, 0.7462060451507568)",1,"(0.5595329403877258, 0.3885362446308136, 0.5238574147224426)","(-27.09991455078125, 36.23523712158203, 607.1572265625)",1,"(-32.79093551635742, 107.12984466552734, 9.100000381469727)","(0.44978949427604675, 0.7364495992660522)",1
98,1167708988380387,"(0.6951451897621155, 0.37821629643440247, 0.5282674431800842)","(-83.08731842041016, 38.91163635253906, 608.480224609375)",1,"(-39.42096710205078, 101.98873901367188, 9.100000381469727)","(0.4392423927783966, 0.7509891390800476)",1,"(0.5597439408302307, 0.38811635971069336, 0.5241005420684814)","(-27.189916610717773, 36.36453628540039, 607.2301635742188)",1,"(-34.87601852416992, 106.52218627929688, 9.100000381469727)","(0.44647252559661865, 0.7381681203842163)",1
99,1167708988412655,"(0.6954098343849182, 0.37800875306129456, 0.528372585773468)","(-83.20001220703125, 38.975032806396484, 608.5117797851562)",1,"(-35.91074752807617, 111.10830688476562, 9.100000381469727)","(0.4448264539241791, 0.7251980900764465)",1,"(0.559993326663971, 0.3878014087677002, 0.5241641998291016)","(-27.293718338012695, 36.45903396606445, 607.249267578125)",1,"(-35.645137786865234, 112.43743133544922, 9.100000381469727)","(0.4452489912509918, 0.7214391827583313)",1
100,1167708988444904,"(0.69564288854599, 0.377838671207428, 0.5291286110877991)","(-83.31901550292969, 39.03993225097656, 608.7385864257812)",1,"(-35.389678955078125, 106.14846801757812, 9.100000381469727)","(0.44565537571907043, 0.7392250299453735)",1,"(0.5602284669876099, 0.38755807280540466, 0.5245099067687988)","(-27.394515991210938, 36.53723907470703, 607.3529663085938)",1,"(-34.67524337768555, 116.93303680419922, 9.100000381469727)","(0.4467919170856476, 0.7087251543998718)",1
101,1167708988477149,"(0.695838212966919, 0.37782326340675354, 0.5285235643386841)","(-83.38151550292969, 39.03203582763672, 608.5570678710938)",1,"(-33.11697006225586, 107.49771881103516, 9.100000381469727)","(0.4492708146572113, 0.7354092001914978)",1,"(0.5604439377784729, 0.3874518573284149, 0.524188220500946)","(-27.48011589050293, 36.56232833862305, 607.2564697265625)",1,"(-34.34452819824219, 121.68060302734375, 9.100000381469727)","(0.44731801748275757, 0.6952985525131226)",1
102,1167708988509304,"(0.6960850954055786, 0.3778674602508545, 0.5291996002197266)","(-83.50341796875, 39.0311393737793, 608.7598876953125)",1,"(-37.446292877197266, 112.22630310058594, 9.100000381469727)","(0.44238370656967163, 0.7220363020896912)",1,"(0.5607054829597473, 0.3873961269855499, 0.5242382884025574)","(-27.588417053222656, 36.57893753051758, 607.271484375)",1,"(-33.39692687988281, 119.76428985595703, 9.100000381469727)","(0.4488254487514496, 0.700718104839325)",1
103,1167708988541419,"(0.6963748931884766, 0.3778969645500183, 0.5294496417045593)","(-83.63041687011719, 39.0261344909668, 608.8348999023438)",1,"(-39.040523529052734, 117.8807144165039, 9.100000381469727)","(0.43984758853912354, 0.7060450315475464)",1,"(0.5609709620475769, 0.3873476982116699, 0.5246923565864563)","(-27.702512741088867, 36.600830078125, 607.40771484375)",1,"(-39.1750373840332, 128.85989379882812, 9.100000381469727)","(0.4396336078643799, 0.6749947667121887)",1
104,1167708988573661,"(0.6966016888618469, 0.3778618276119232, 0.5290486812591553)","(-83.71211242675781, 39.02793502807617, 608.714599609375)",1,"(-35.1620979309082, 118.15855407714844, 9.100000381469727)","(0.44601741433143616, 0.7052592635154724)",1,"(0.5612308979034424, 0.38715988397598267, 0.5244903564453125)","(-27.80771255493164, 36.6523323059082, 607.3471069335938)",1,"(-34.051944732666016, 124.22359466552734, 9.100000381469727)","(0.4477834701538086, 0.6881067156791687)",1
105,1167708988607279,"(0.6968552470207214, 0.3777579963207245, 0.5298663377761841)","(-83.84141540527344, 39.07423782348633, 608.9598999023438)",1,"(-33.17533874511719, 124.57608795166016, 9.100000381469727)","(0.44917798042297363, 0.6871098279953003)",1,"(0.5614936351776123, 0.3869279623031616, 0.5247033834457397)","(-27.918514251708984, 36.724735260009766, 607.4110107421875)",1,"(-34.551910400390625, 132.0519561767578, 9.100000381469727)","(0.4469881057739258, 0.6659672856330872)",1
106,1167708988639787,"(0.6970645189285278, 0.3775881826877594, 0.5301408171653748)","(-83.93630981445312, 39.12973403930664, 609.042236328125)",1,"(-36.11195755004883, 130.67852783203125, 9.100000381469727)","(0.44450637698173523, 0.669851541519165)",1,"(0.5617051124572754, 0.38656532764434814, 0.5252708196640015)","(-28.012109756469727, 36.84303665161133, 607.5812377929688)",1,"(-35.2484016418457, 129.83584594726562, 9.100000381469727)","(0.44588011503219604, 0.6722347140312195)",1
107,1167708988672080,"(0.6971970200538635, 0.3773036003112793, 0.5302343964576721)","(-83.99441528320312, 39.216529846191406, 609.0703125)",1,"(-32.70640182495117, 125.44375610351562, 9.100000381469727)","(0.44992396235466003, 0.6846559643745422)",1,"(0.5618390440940857, 0.3862433433532715, 0.5254476070404053)","(-28.069612503051758, 36.94213104248047, 607.63427734375)",1,"(-35.31248092651367, 138.2032928466797, 9.100000381469727)","(0.4457781910896301, 0.648570716381073)",1
108,1167708988704675,"(0.6972885131835938, 0.3770154118537903, 0.5304536819458008)","(-84.03931427001953, 39.307037353515625, 609.1361083984375)",1,"(-33.650325775146484, 135.62925720214844, 9.100000381469727)","(0.4484223425388336, 0.6558502912521362)",1,"(0.5619668364524841, 0.3858327865600586, 0.5254486203193665)","(-28.122913360595703, 37.06454086303711, 607.6345825195312)",1,"(-35.870243072509766, 139.17623901367188, 9.100000381469727)","(0.4448908865451813, 0.6458191275596619)",1
109,1167708988737176,"(0.697425901889801, 0.37672191858291626, 0.5314103364944458)","(-84.12541961669922, 39.41353988647461, 609.423095703125)",1,"(-35.7589111328125, 133.8445281982422, 9.100000381469727)","(0.44506800174713135, 0.6608977317810059)",1,"(0.5620874762535095, 0.38548779487609863, 0.5261020660400391)","(-28.18001365661621, 37.179630279541016, 607.8306274414062)",1,"(-33.885128021240234, 138.53713989257812, 9.100000381469727)","(0.44804883003234863, 0.647626519203186)",1
110,1167708988769464,"(0.6974852681159973, 0.37658172845840454, 0.5317667722702026)","(-84.16091918945312, 39.46243667602539, 609.530029296875)",1,"(-34.28084945678711, 138.00164794921875, 9.100000381469727)","(0.44741931557655334, 0.6491409540176392)",1,"(0.5621858835220337, 0.38528919219970703, 0.5265309810638428)","(-28.225318908691406, 37.24673080444336, 607.9592895507812)",1,"(-35.28715896606445, 138.90325927734375, 9.100000381469727)","(0.4458184838294983, 0.6465911269187927)",1
111,1167708988801805,"(0.6975398063659668, 0.37649112939834595, 0.5321521162986755)","(-84.1952133178711, 39.49713134765625, 609.6456298828125)",1,"(-35.79560852050781, 143.80841064453125, 9.100000381469727)","(0.44500961899757385, 0.6327188611030579)",1,"(0.5622747540473938, 0.385164350271225, 0.5268757939338684)","(-28.265714645385742, 37.29033279418945, 608.062744140625)",1,"(-38.18471908569336, 144.1977996826172, 9.100000381469727)","(0.44120901823043823, 0.6316176056861877)",1
112,1167708988833971,"(0.6975944638252258, 0.3764432966709137, 0.5324157476425171)","(-84.22582244873047, 39.51654052734375, 609.7247314453125)",1,"(-35.87498092651367, 145.29910278320312, 9.100000381469727)","(0.4448833465576172, 0.6285030245780945)",1,"(0.5623894333839417, 0.3850005269050598, 0.5275042653083801)","(-28.31981086730957, 37.35073471069336, 608.2512817382812)",1,"(-36.550987243652344, 147.76905822753906, 9.100000381469727)","(0.4438079595565796, 0.6215177178382874)",1
113,1167708988866125,"(0.6977086663246155, 0.37635499238967896, 0.5334488749504089)","(-84.30431365966797, 39.563133239746094, 610.03466796875)",1,"(-37.14396667480469, 147.8795166015625, 9.100000381469727)","(0.44286465644836426, 0.6212053298950195)",1,"(0.5624779462814331, 0.3848668038845062, 0.5279329419136047)","(-28.36100959777832, 37.39853286743164, 608.3798828125)",1,"(-35.62882995605469, 146.5826416015625, 9.100000381469727)","(0.4452749490737915, 0.6248730421066284)",1
114,1167708988898176,"(0.6977906227111816, 0.3760504126548767, 0.5341275930404663)","(-84.35921478271484, 39.66783142089844, 610.23828125)",1,"(-48.34895706176758, 158.73016357421875, 9.100000381469727)","(0.425039678812027, 0.590518593788147)",1,"(0.5627749562263489, 0.3844148516654968, 0.5286714434623718)","(-28.492019653320312, 37.546836853027344, 608.6014404296875)",1,"(-45.51033401489258, 162.52464294433594, 9.100000381469727)","(0.42955538630485535, 0.5797874331474304)",1
115,1167708988930256,"(0.6978781223297119, 0.37588098645210266, 0.5339481830596924)","(-84.39031982421875, 39.71493911743164, 610.1844482421875)",1,"(-43.521175384521484, 166.42051696777344, 9.100000381469727)","(0.43271973729133606, 0.5687695145606995)",1,"(0.5628324151039124, 0.38419225811958313, 0.5289689302444458)","(-28.51921844482422, 37.61903381347656, 608.690673828125)",1,"(-45.26601791381836, 165.8395538330078, 9.100000381469727)","(0.4299440383911133, 0.5704125165939331)",1
116,1167708988962497,"(0.6980055570602417, 0.3756922483444214, 0.5350353717803955)","(-84.47621154785156, 39.7928352355957, 610.5106201171875)",1,"(-41.713417053222656, 162.93753051757812, 9.100000381469727)","(0.4355955421924591, 0.5786197781562805)",1,"(0.5628762245178223, 0.38397350907325745, 0.5293658375740051)","(-28.541812896728516, 37.691932678222656, 608.8097534179688)",1,"(-46.84266662597656, 170.3849334716797, 9.100000381469727)","(0.42743590474128723, 0.5575577020645142)",1
117,1167708988994675,"(0.6980301141738892, 0.37557879090309143, 0.535341203212738)","(-84.49581909179688, 39.83303451538086, 610.6023559570312)",1,"(-43.755489349365234, 169.799072265625, 9.100000381469727)","(0.43234699964523315, 0.5592145919799805)",1,"(0.5629532337188721, 0.3838064670562744, 0.5302736163139343)","(-28.583415985107422, 37.75893783569336, 609.0820922851562)",1,"(-45.13684844970703, 170.23179626464844, 9.100000381469727)","(0.43014952540397644, 0.5579907894134521)",1
118,1167708989027098,"(0.698052704334259, 0.37542498111724854, 0.5356699824333191)","(-84.51531219482422, 39.885738372802734, 610.7009887695312)",1,"(-41.181785583496094, 169.97579956054688, 9.100000381469727)","(0.4364412724971771, 0.5587148070335388)",1,"(0.5629625916481018, 0.3836313486099243, 0.5305149555206299)","(-28.590017318725586, 37.8160400390625, 609.1544799804688)",1,"(-49.35211181640625, 177.11781311035156, 9.100000381469727)","(0.42344385385513306, 0.5385164618492126)",1
119,1167708989059211,"(0.6980403661727905, 0.3752114176750183, 0.5361051559448242)","(-84.52381896972656, 39.958831787109375, 610.83154296875)",1,"(-44.073097229003906, 173.25210571289062, 9.100000381469727)","(0.43184173107147217, 0.54944908618927)",1,"(0.5629611015319824, 0.38338544964790344, 0.5309075713157654)","(-28.59391975402832, 37.897335052490234, 609.2722778320312)",1,"(-47.76325225830078, 177.7264404296875, 9.100000381469727)","(0.4259714186191559, 0.5367951989173889)",1
120,1167708989091504,"(0.6980055570602417, 0.3749961256980896, 0.5368776321411133)","(-84.53311157226562, 40.03923797607422, 611.0632934570312)",1,"(-51.39080810546875, 182.39328002929688, 9.100000381469727)","(0.4202006757259369, 0.5235968828201294)",1,"(0.5629532933235168, 0.3831492066383362, 0.5310742259025574)","(-28.59291648864746, 37.971435546875, 609.322265625)",1,"(-48.24861145019531, 185.18711853027344, 9.100000381469727)","(0.4251993000507355, 0.5156956315040588)",1
121,1167708989123644,"(0.6978973150253296, 0.37478452920913696, 0.537306547164917)","(-84.50171661376953, 40.1119384765625, 611.1919555664062)",1,"(-43.447330474853516, 187.71676635742188, 9.100000381469727)","(0.43283721804618835, 0.5085415244102478)",1,"(0.5628872513771057, 0.3828360140323639, 0.5315567851066589)","(-28.571218490600586, 38.0749397277832, 609.467041015625)",1,"(-41.96438217163086, 188.27587890625, 9.100000381469727)","(0.43519631028175354, 0.5069602727890015)",1
122,1167708989155874,"(0.6977663040161133, 0.37451356649398804, 0.5367297530174255)","(-84.43070983886719, 40.182437896728516, 611.0189208984375)",1,"(-36.98917007446289, 190.56402587890625, 9.100000381469727)","(0.4431109130382538, 0.5004891753196716)",1,"(0.5628478527069092, 0.3826373815536499, 0.5316957831382751)","(-28.55671501159668, 38.137332916259766, 609.5087280273438)",1,"(-40.36452102661133, 192.8138885498047, 9.100000381469727)","(0.43774136900901794, 0.4941263198852539)",1
123,1167708989187405,"(0.6977944374084473, 0.3744107484817505, 0.5368092656135559)","(-84.44501495361328, 40.2148323059082, 611.0427856445312)",1,"(-39.19038009643555, 196.9226531982422, 9.100000381469727)","(0.43960919976234436, 0.48250633478164673)",1,"(0.5628512501716614, 0.38252702355384827, 0.5316294431686401)","(-28.5576114654541, 38.16923141479492, 609.4888305664062)",1,"(-37.889102935791016, 192.60227966308594, 9.100000381469727)","(0.4416792690753937, 0.4947248101234436)",1
